ID,Name,City,State,Status,Notes,Maps_URL,Business_URL,Closure_Check_URL
1,"Hialeah Park Racing & Casino","Hialeah","FL","PENDING","","https://maps.google.com/maps?q=Hialeah%20Park%20Racing%20%26%20Casino%2C%20100%20E%2032nd%20St%2C%20Hialeah%2C%20FL%2033013","https://www.google.com/search?q="Hialeah%20Park%20Racing%20%26%20Casino" "Hialeah" FL hours phone","https://www.google.com/search?q="Hialeah%20Park%20Racing%20%26%20Casino" "Hialeah" "permanently closed""
2,"The Surfcomber Hotel","Miami-Dade","FL","PENDING","","https://maps.google.com/maps?q=The%20Surfcomber%20Hotel%2C%20Miami%20Beach%2C%20Miami-Dade","https://www.google.com/search?q="The%20Surfcomber%20Hotel" "Miami-Dade" FL hours phone","https://www.google.com/search?q="The%20Surfcomber%20Hotel" "Miami-Dade" "permanently closed""
3,"MB Hotel","Miami-Dade","FL","PENDING","","https://maps.google.com/maps?q=MB%20Hotel%2C%20Miami%20Beach%2C%20Miami-Dade","https://www.google.com/search?q="MB%20Hotel" "Miami-Dade" FL hours phone","https://www.google.com/search?q="MB%20Hotel" "Miami-Dade" "permanently closed""
4,"Sea Watch on the Ocean","Broward","FL","PENDING","","https://maps.google.com/maps?q=Sea%20Watch%20on%20the%20Ocean%2C%20Fort%20Lauderdale%2C%20Broward","https://www.google.com/search?q="Sea%20Watch%20on%20the%20Ocean" "Broward" FL hours phone","https://www.google.com/search?q="Sea%20Watch%20on%20the%20Ocean" "Broward" "permanently closed""
5,"Emeril Lagasse Foundation Innovation Kitchen","Broward","FL","PENDING","","https://maps.google.com/maps?q=Emeril%20Lagasse%20Foundation%20Innovation%20Kitchen%2C%20Sunrise%2C%20Broward","https://www.google.com/search?q="Emeril%20Lagasse%20Foundation%20Innovation%20Kitchen" "Broward" FL hours phone","https://www.google.com/search?q="Emeril%20Lagasse%20Foundation%20Innovation%20Kitchen" "Broward" "permanently closed""
6,"Coastal Yacht Charters","Broward","FL","PENDING","","https://maps.google.com/maps?q=Coastal%20Yacht%20Charters%2C%20Fort%20Lauderdale%2C%20Broward","https://www.google.com/search?q="Coastal%20Yacht%20Charters" "Broward" FL hours phone","https://www.google.com/search?q="Coastal%20Yacht%20Charters" "Broward" "permanently closed""
7,"Vizcaya Museum & Gardens","Miami-Dade","FL","PENDING","","https://maps.google.com/maps?q=Vizcaya%20Museum%20%26%20Gardens%2C%20Coconut%20Grove%2C%20Miami-Dade","https://www.google.com/search?q="Vizcaya%20Museum%20%26%20Gardens" "Miami-Dade" FL hours phone","https://www.google.com/search?q="Vizcaya%20Museum%20%26%20Gardens" "Miami-Dade" "permanently closed""
8,"Ancient Spanish Monastery","Miami-Dade","FL","PENDING","","https://maps.google.com/maps?q=Ancient%20Spanish%20Monastery%2C%20North%20Miami%20Beach%2C%20Miami-Dade","https://www.google.com/search?q="Ancient%20Spanish%20Monastery" "Miami-Dade" FL hours phone","https://www.google.com/search?q="Ancient%20Spanish%20Monastery" "Miami-Dade" "permanently closed""
9,"The Cooper Estate","Miami-Dade","FL","PENDING","","https://maps.google.com/maps?q=The%20Cooper%20Estate%2C%20Redland%2C%20Miami-Dade","https://www.google.com/search?q="The%20Cooper%20Estate" "Miami-Dade" FL hours phone","https://www.google.com/search?q="The%20Cooper%20Estate" "Miami-Dade" "permanently closed""
10,"Curtiss Mansion","Miami-Dade","FL","PENDING","","https://maps.google.com/maps?q=Curtiss%20Mansion%2C%20Miami%20Springs%2C%20Miami-Dade","https://www.google.com/search?q="Curtiss%20Mansion" "Miami-Dade" FL hours phone","https://www.google.com/search?q="Curtiss%20Mansion" "Miami-Dade" "permanently closed""
11,"Thalatta Estate","Miami-Dade","FL","PENDING","","https://maps.google.com/maps?q=Thalatta%20Estate%2C%20Palmetto%20Bay%2C%20Miami-Dade","https://www.google.com/search?q="Thalatta%20Estate" "Miami-Dade" FL hours phone","https://www.google.com/search?q="Thalatta%20Estate" "Miami-Dade" "permanently closed""
12,"Deering Estate","Miami-Dade","FL","PENDING","","https://maps.google.com/maps?q=Deering%20Estate%2C%20Cutler%20Bay%2C%20Miami-Dade","https://www.google.com/search?q="Deering%20Estate" "Miami-Dade" FL hours phone","https://www.google.com/search?q="Deering%20Estate" "Miami-Dade" "permanently closed""
13,"Fairchild Tropical Botanic Garden","Miami-Dade","FL","PENDING","","https://maps.google.com/maps?q=Fairchild%20Tropical%20Botanic%20Garden%2C%20Coral%20Gables%2C%20Miami-Dade","https://www.google.com/search?q="Fairchild%20Tropical%20Botanic%20Garden" "Miami-Dade" FL hours phone","https://www.google.com/search?q="Fairchild%20Tropical%20Botanic%20Garden" "Miami-Dade" "permanently closed""
14,"Historic Walton House","Miami-Dade","FL","PENDING","","https://maps.google.com/maps?q=Historic%20Walton%20House%2C%20Redland%2C%20Miami-Dade","https://www.google.com/search?q="Historic%20Walton%20House" "Miami-Dade" FL hours phone","https://www.google.com/search?q="Historic%20Walton%20House" "Miami-Dade" "permanently closed""
15,"Woman's Club of Coconut Grove","Miami-Dade","FL","PENDING","","https://maps.google.com/maps?q=Woman's%20Club%20of%20Coconut%20Grove%2C%20Coconut%20Grove%2C%20Miami-Dade","https://www.google.com/search?q="Woman's%20Club%20of%20Coconut%20Grove" "Miami-Dade" FL hours phone","https://www.google.com/search?q="Woman's%20Club%20of%20Coconut%20Grove" "Miami-Dade" "permanently closed""
16,"The Bath Club","Miami-Dade","FL","PENDING","","https://maps.google.com/maps?q=The%20Bath%20Club%2C%20Miami%20Beach%2C%20Miami-Dade","https://www.google.com/search?q="The%20Bath%20Club" "Miami-Dade" FL hours phone","https://www.google.com/search?q="The%20Bath%20Club" "Miami-Dade" "permanently closed""
17,"The Cruz Building","Miami-Dade","FL","PENDING","","https://maps.google.com/maps?q=The%20Cruz%20Building%2C%20Coconut%20Grove%2C%20Miami-Dade","https://www.google.com/search?q="The%20Cruz%20Building" "Miami-Dade" FL hours phone","https://www.google.com/search?q="The%20Cruz%20Building" "Miami-Dade" "permanently closed""
18,"Rusty Pelican","Miami-Dade","FL","PENDING","","https://maps.google.com/maps?q=Rusty%20Pelican%2C%20Key%20Biscayne%2C%20Miami-Dade","https://www.google.com/search?q="Rusty%20Pelican" "Miami-Dade" FL hours phone","https://www.google.com/search?q="Rusty%20Pelican" "Miami-Dade" "permanently closed""
19,"Briza on the Bay","Miami-Dade","FL","PENDING","","https://maps.google.com/maps?q=Briza%20on%20the%20Bay%2C%20Downtown%20Miami%2C%20Miami-Dade","https://www.google.com/search?q="Briza%20on%20the%20Bay" "Miami-Dade" FL hours phone","https://www.google.com/search?q="Briza%20on%20the%20Bay" "Miami-Dade" "permanently closed""
20,"Penthouse at Riverside Wharf","Miami-Dade","FL","PENDING","","https://maps.google.com/maps?q=Penthouse%20at%20Riverside%20Wharf%2C%20Downtown%20Miami%2C%20Miami-Dade","https://www.google.com/search?q="Penthouse%20at%20Riverside%20Wharf" "Miami-Dade" FL hours phone","https://www.google.com/search?q="Penthouse%20at%20Riverside%20Wharf" "Miami-Dade" "permanently closed""
21,"Signature Grand","Broward","FL","PENDING","","https://maps.google.com/maps?q=Signature%20Grand%2C%20Davie%2C%20Broward","https://www.google.com/search?q="Signature%20Grand" "Broward" FL hours phone","https://www.google.com/search?q="Signature%20Grand" "Broward" "permanently closed""
22,"Jacaranda Country Club","Broward","FL","PENDING","","https://maps.google.com/maps?q=Jacaranda%20Country%20Club%2C%20Plantation%2C%20Broward","https://www.google.com/search?q="Jacaranda%20Country%20Club" "Broward" FL hours phone","https://www.google.com/search?q="Jacaranda%20Country%20Club" "Broward" "permanently closed""
23,"Deer Creek Country Club","Broward","FL","PENDING","","https://maps.google.com/maps?q=Deer%20Creek%20Country%20Club%2C%20Deerfield%20Beach%2C%20Broward","https://www.google.com/search?q="Deer%20Creek%20Country%20Club" "Broward" FL hours phone","https://www.google.com/search?q="Deer%20Creek%20Country%20Club" "Broward" "permanently closed""
24,"Bonnet House Museum & Gardens","Broward","FL","PENDING","","https://maps.google.com/maps?q=Bonnet%20House%20Museum%20%26%20Gardens%2C%20Fort%20Lauderdale%2C%20Broward","https://www.google.com/search?q="Bonnet%20House%20Museum%20%26%20Gardens" "Broward" FL hours phone","https://www.google.com/search?q="Bonnet%20House%20Museum%20%26%20Gardens" "Broward" "permanently closed""
25,"Stranahan House","Broward","FL","PENDING","","https://maps.google.com/maps?q=Stranahan%20House%2C%20Fort%20Lauderdale%2C%20Broward","https://www.google.com/search?q="Stranahan%20House" "Broward" FL hours phone","https://www.google.com/search?q="Stranahan%20House" "Broward" "permanently closed""
26,"Secret Gardens Miami","Miami-Dade","FL","PENDING","","https://maps.google.com/maps?q=Secret%20Gardens%20Miami%2C%20Homestead%2C%20Miami-Dade","https://www.google.com/search?q="Secret%20Gardens%20Miami" "Miami-Dade" FL hours phone","https://www.google.com/search?q="Secret%20Gardens%20Miami" "Miami-Dade" "permanently closed""
27,"Villa Woodbine","Miami-Dade","FL","PENDING","","https://maps.google.com/maps?q=Villa%20Woodbine%2C%20Coconut%20Grove%2C%20Miami-Dade","https://www.google.com/search?q="Villa%20Woodbine" "Miami-Dade" FL hours phone","https://www.google.com/search?q="Villa%20Woodbine" "Miami-Dade" "permanently closed""
28,"Lavan Venue","Broward","FL","PENDING","","https://maps.google.com/maps?q=Lavan%20Venue%2C%20Hollywood%2C%20Broward","https://www.google.com/search?q="Lavan%20Venue" "Broward" FL hours phone","https://www.google.com/search?q="Lavan%20Venue" "Broward" "permanently closed""
29,"Coral Gables Country Club","Miami-Dade","FL","PENDING","","https://maps.google.com/maps?q=Coral%20Gables%20Country%20Club%2C%20Coral%20Gables%2C%20Miami-Dade","https://www.google.com/search?q="Coral%20Gables%20Country%20Club" "Miami-Dade" FL hours phone","https://www.google.com/search?q="Coral%20Gables%20Country%20Club" "Miami-Dade" "permanently closed""
30,"Weston Hills Country Club","Broward","FL","PENDING","","https://maps.google.com/maps?q=Weston%20Hills%20Country%20Club%2C%20Weston%2C%20Broward","https://www.google.com/search?q="Weston%20Hills%20Country%20Club" "Broward" FL hours phone","https://www.google.com/search?q="Weston%20Hills%20Country%20Club" "Broward" "permanently closed""
31,"Parkland Country Club","Broward","FL","PENDING","","https://maps.google.com/maps?q=Parkland%20Country%20Club%2C%20Parkland%2C%20Broward","https://www.google.com/search?q="Parkland%20Country%20Club" "Broward" FL hours phone","https://www.google.com/search?q="Parkland%20Country%20Club" "Broward" "permanently closed""
32,"Miami Beach Botanical Garden","Miami-Dade","FL","PENDING","","https://maps.google.com/maps?q=Miami%20Beach%20Botanical%20Garden%2C%20Miami%20Beach%2C%20Miami-Dade","https://www.google.com/search?q="Miami%20Beach%20Botanical%20Garden" "Miami-Dade" FL hours phone","https://www.google.com/search?q="Miami%20Beach%20Botanical%20Garden" "Miami-Dade" "permanently closed""
33,"Hollywood's ArtsPark","Broward","FL","PENDING","","https://maps.google.com/maps?q=Hollywood's%20ArtsPark%2C%20Hollywood%2C%20Broward","https://www.google.com/search?q="Hollywood's%20ArtsPark" "Broward" FL hours phone","https://www.google.com/search?q="Hollywood's%20ArtsPark" "Broward" "permanently closed""
34,"Phillip and Patricia Frost Science Museum","Miami-Dade","FL","PENDING","","https://maps.google.com/maps?q=Phillip%20and%20Patricia%20Frost%20Science%20Museum%2C%20Miami%2C%20Miami-Dade","https://www.google.com/search?q="Phillip%20and%20Patricia%20Frost%20Science%20Museum" "Miami-Dade" FL hours phone","https://www.google.com/search?q="Phillip%20and%20Patricia%20Frost%20Science%20Museum" "Miami-Dade" "permanently closed""
35,"The M Building","Miami-Dade","FL","PENDING","","https://maps.google.com/maps?q=The%20M%20Building%2C%20Wynwood%2C%20Miami-Dade","https://www.google.com/search?q="The%20M%20Building" "Miami-Dade" FL hours phone","https://www.google.com/search?q="The%20M%20Building" "Miami-Dade" "permanently closed""
36,"The Wharf (Miami/Ft. Lauderdale)","Florida","FL","PENDING","","https://maps.google.com/maps?q=The%20Wharf%20(Miami%2FFt.%20Lauderdale)%2C%20Miami%2FFort%20Lauderdale","https://www.google.com/search?q="The%20Wharf%20(Miami%2FFt.%20Lauderdale)" "Florida" FL hours phone","https://www.google.com/search?q="The%20Wharf%20(Miami%2FFt.%20Lauderdale)" "Florida" "permanently closed""
37,"The Biltmore Hotel","Miami-Dade","FL","PENDING","","https://maps.google.com/maps?q=The%20Biltmore%20Hotel%2C%20Coral%20Gables%2C%20Miami-Dade","https://www.google.com/search?q="The%20Biltmore%20Hotel" "Miami-Dade" FL hours phone","https://www.google.com/search?q="The%20Biltmore%20Hotel" "Miami-Dade" "permanently closed""
38,"Miami Marriott Biscayne Bay","Miami-Dade","FL","PENDING","","https://maps.google.com/maps?q=Miami%20Marriott%20Biscayne%20Bay%2C%20Downtown%20Miami%2C%20Miami-Dade","https://www.google.com/search?q="Miami%20Marriott%20Biscayne%20Bay" "Miami-Dade" FL hours phone","https://www.google.com/search?q="Miami%20Marriott%20Biscayne%20Bay" "Miami-Dade" "permanently closed""
39,"Diplomat Beach Resort","Broward","FL","PENDING","","https://maps.google.com/maps?q=Diplomat%20Beach%20Resort%2C%20Hollywood%2C%20Broward","https://www.google.com/search?q="Diplomat%20Beach%20Resort" "Broward" FL hours phone","https://www.google.com/search?q="Diplomat%20Beach%20Resort" "Broward" "permanently closed""
40,"Seminole Hard Rock Hotel & Casino","Broward","FL","PENDING","","https://maps.google.com/maps?q=Seminole%20Hard%20Rock%20Hotel%20%26%20Casino%2C%20Hollywood%2C%20Broward","https://www.google.com/search?q="Seminole%20Hard%20Rock%20Hotel%20%26%20Casino" "Broward" FL hours phone","https://www.google.com/search?q="Seminole%20Hard%20Rock%20Hotel%20%26%20Casino" "Broward" "permanently closed""
41,"Milander Center for Arts & Entertainment","Miami-Dade","FL","PENDING","","https://maps.google.com/maps?q=Milander%20Center%20for%20Arts%20%26%20Entertainment%2C%20Hialeah%2C%20Miami-Dade","https://www.google.com/search?q="Milander%20Center%20for%20Arts%20%26%20Entertainment" "Miami-Dade" FL hours phone","https://www.google.com/search?q="Milander%20Center%20for%20Arts%20%26%20Entertainment" "Miami-Dade" "permanently closed""
42,"Pérez Art Museum Miami (PAMM)","Miami-Dade","FL","PENDING","","https://maps.google.com/maps?q=P%C3%A9rez%20Art%20Museum%20Miami%20(PAMM)%2C%20Downtown%20Miami%2C%20Miami-Dade","https://www.google.com/search?q="P%C3%A9rez%20Art%20Museum%20Miami%20(PAMM)" "Miami-Dade" FL hours phone","https://www.google.com/search?q="P%C3%A9rez%20Art%20Museum%20Miami%20(PAMM)" "Miami-Dade" "permanently closed""
43,"JW Marriott Turnberry Resort & Spa","Miami-Dade","FL","PENDING","","https://maps.google.com/maps?q=JW%20Marriott%20Turnberry%20Resort%20%26%20Spa%2C%20Aventura%2C%20Miami-Dade","https://www.google.com/search?q="JW%20Marriott%20Turnberry%20Resort%20%26%20Spa" "Miami-Dade" FL hours phone","https://www.google.com/search?q="JW%20Marriott%20Turnberry%20Resort%20%26%20Spa" "Miami-Dade" "permanently closed""
44,"Loews Miami Beach Hotel","Miami-Dade","FL","PENDING","","https://maps.google.com/maps?q=Loews%20Miami%20Beach%20Hotel%2C%20South%20Beach%2C%20Miami-Dade","https://www.google.com/search?q="Loews%20Miami%20Beach%20Hotel" "Miami-Dade" FL hours phone","https://www.google.com/search?q="Loews%20Miami%20Beach%20Hotel" "Miami-Dade" "permanently closed""
45,"Faena Hotel Miami Beach","Miami-Dade","FL","PENDING","","https://maps.google.com/maps?q=Faena%20Hotel%20Miami%20Beach%2C%20Miami%20Beach%2C%20Miami-Dade","https://www.google.com/search?q="Faena%20Hotel%20Miami%20Beach" "Miami-Dade" FL hours phone","https://www.google.com/search?q="Faena%20Hotel%20Miami%20Beach" "Miami-Dade" "permanently closed""
46,"Eau Palm Beach Resort & Spa","Palm Beach","FL","PENDING","","https://maps.google.com/maps?q=Eau%20Palm%20Beach%20Resort%20%26%20Spa%2C%20Manalapan%2C%20Palm%20Beach","https://www.google.com/search?q="Eau%20Palm%20Beach%20Resort%20%26%20Spa" "Palm%20Beach" FL hours phone","https://www.google.com/search?q="Eau%20Palm%20Beach%20Resort%20%26%20Spa" "Palm%20Beach" "permanently closed""
47,"Palm Beach Marriott Singer Island Beach Resort & Spa","Palm Beach","FL","PENDING","","https://maps.google.com/maps?q=Palm%20Beach%20Marriott%20Singer%20Island%20Beach%20Resort%20%26%20Spa%2C%20Riviera%20Beach%2C%20Palm%20Beach","https://www.google.com/search?q="Palm%20Beach%20Marriott%20Singer%20Island%20Beach%20Resort%20%26%20Spa" "Palm%20Beach" FL hours phone","https://www.google.com/search?q="Palm%20Beach%20Marriott%20Singer%20Island%20Beach%20Resort%20%26%20Spa" "Palm%20Beach" "permanently closed""
48,"The Addison","Palm Beach","FL","PENDING","","https://maps.google.com/maps?q=The%20Addison%2C%20Boca%20Raton%2C%20Palm%20Beach","https://www.google.com/search?q="The%20Addison" "Palm%20Beach" FL hours phone","https://www.google.com/search?q="The%20Addison" "Palm%20Beach" "permanently closed""
49,"Lady Jean Ranch","Palm Beach","FL","PENDING","","https://maps.google.com/maps?q=Lady%20Jean%20Ranch%2C%20Jupiter%2C%20Palm%20Beach","https://www.google.com/search?q="Lady%20Jean%20Ranch" "Palm%20Beach" FL hours phone","https://www.google.com/search?q="Lady%20Jean%20Ranch" "Palm%20Beach" "permanently closed""
50,"Out of the Blue Celebrations","Palm Beach","FL","PENDING","","https://maps.google.com/maps?q=Out%20of%20the%20Blue%20Celebrations%2C%20Jupiter%2C%20Palm%20Beach","https://www.google.com/search?q="Out%20of%20the%20Blue%20Celebrations" "Palm%20Beach" FL hours phone","https://www.google.com/search?q="Out%20of%20the%20Blue%20Celebrations" "Palm%20Beach" "permanently closed""
51,"The Ben, Autograph Collection","Palm Beach","FL","PENDING","","https://maps.google.com/maps?q=The%20Ben%2C%20Autograph%20Collection%2C%20West%20Palm%20Beach%2C%20Palm%20Beach","https://www.google.com/search?q="The%20Ben%2C%20Autograph%20Collection" "Palm%20Beach" FL hours phone","https://www.google.com/search?q="The%20Ben%2C%20Autograph%20Collection" "Palm%20Beach" "permanently closed""
52,"Tideline Ocean Resort & Spa","Palm Beach","FL","PENDING","","https://maps.google.com/maps?q=Tideline%20Ocean%20Resort%20%26%20Spa%2C%20Palm%20Beach%2C%20Palm%20Beach","https://www.google.com/search?q="Tideline%20Ocean%20Resort%20%26%20Spa" "Palm%20Beach" FL hours phone","https://www.google.com/search?q="Tideline%20Ocean%20Resort%20%26%20Spa" "Palm%20Beach" "permanently closed""
53,"PGA National Resort","Palm Beach","FL","PENDING","","https://maps.google.com/maps?q=PGA%20National%20Resort%2C%20Palm%20Beach%20Gardens%2C%20Palm%20Beach","https://www.google.com/search?q="PGA%20National%20Resort" "Palm%20Beach" FL hours phone","https://www.google.com/search?q="PGA%20National%20Resort" "Palm%20Beach" "permanently closed""
54,"Pelican Club","Palm Beach","FL","PENDING","","https://maps.google.com/maps?q=Pelican%20Club%2C%20Jupiter%2C%20Palm%20Beach","https://www.google.com/search?q="Pelican%20Club" "Palm%20Beach" FL hours phone","https://www.google.com/search?q="Pelican%20Club" "Palm%20Beach" "permanently closed""
55,"The Wanderers Club","Palm Beach","FL","PENDING","","https://maps.google.com/maps?q=The%20Wanderers%20Club%2C%20Wellington%2C%20Palm%20Beach","https://www.google.com/search?q="The%20Wanderers%20Club" "Palm%20Beach" FL hours phone","https://www.google.com/search?q="The%20Wanderers%20Club" "Palm%20Beach" "permanently closed""
56,"The Seagate Hotel & Spa","Palm Beach","FL","PENDING","","https://maps.google.com/maps?q=The%20Seagate%20Hotel%20%26%20Spa%2C%20Delray%20Beach%2C%20Palm%20Beach","https://www.google.com/search?q="The%20Seagate%20Hotel%20%26%20Spa" "Palm%20Beach" FL hours phone","https://www.google.com/search?q="The%20Seagate%20Hotel%20%26%20Spa" "Palm%20Beach" "permanently closed""
57,"Boca Lago Country Club","Palm Beach","FL","PENDING","","https://maps.google.com/maps?q=Boca%20Lago%20Country%20Club%2C%20Boca%20Raton%2C%20Palm%20Beach","https://www.google.com/search?q="Boca%20Lago%20Country%20Club" "Palm%20Beach" FL hours phone","https://www.google.com/search?q="Boca%20Lago%20Country%20Club" "Palm%20Beach" "permanently closed""
58,"The Club at Ibis","Palm Beach","FL","PENDING","","https://maps.google.com/maps?q=The%20Club%20at%20Ibis%2C%20West%20Palm%20Beach%2C%20Palm%20Beach","https://www.google.com/search?q="The%20Club%20at%20Ibis" "Palm%20Beach" FL hours phone","https://www.google.com/search?q="The%20Club%20at%20Ibis" "Palm%20Beach" "permanently closed""
59,"Canopy by Hilton West Palm Beach","Palm Beach","FL","PENDING","","https://maps.google.com/maps?q=Canopy%20by%20Hilton%20West%20Palm%20Beach%2C%20West%20Palm%20Beach%2C%20Palm%20Beach","https://www.google.com/search?q="Canopy%20by%20Hilton%20West%20Palm%20Beach" "Palm%20Beach" FL hours phone","https://www.google.com/search?q="Canopy%20by%20Hilton%20West%20Palm%20Beach" "Palm%20Beach" "permanently closed""
60,"Jupiter Beach Resort & Spa","Palm Beach","FL","PENDING","","https://maps.google.com/maps?q=Jupiter%20Beach%20Resort%20%26%20Spa%2C%20Jupiter%2C%20Palm%20Beach","https://www.google.com/search?q="Jupiter%20Beach%20Resort%20%26%20Spa" "Palm%20Beach" FL hours phone","https://www.google.com/search?q="Jupiter%20Beach%20Resort%20%26%20Spa" "Palm%20Beach" "permanently closed""
61,"Loggerhead Marinelife Center","Florida","FL","PENDING","","https://maps.google.com/maps?q=Loggerhead%20Marinelife%20Center%2C%20Palm%20Beach%20County","https://www.google.com/search?q="Loggerhead%20Marinelife%20Center" "Florida" FL hours phone","https://www.google.com/search?q="Loggerhead%20Marinelife%20Center" "Florida" "permanently closed""
62,"Morikami Museum & Gardens","Palm Beach","FL","PENDING","","https://maps.google.com/maps?q=Morikami%20Museum%20%26%20Gardens%2C%20Delray%20Beach%2C%20Palm%20Beach","https://www.google.com/search?q="Morikami%20Museum%20%26%20Gardens" "Palm%20Beach" FL hours phone","https://www.google.com/search?q="Morikami%20Museum%20%26%20Gardens" "Palm%20Beach" "permanently closed""
63,"Sundy House","Palm Beach","FL","PENDING","","https://maps.google.com/maps?q=Sundy%20House%2C%20Delray%20Beach%2C%20Palm%20Beach","https://www.google.com/search?q="Sundy%20House" "Palm%20Beach" FL hours phone","https://www.google.com/search?q="Sundy%20House" "Palm%20Beach" "permanently closed""
64,"LaPlaya Beach & Golf Resort","Southwest Florida","FL","PENDING","","https://maps.google.com/maps?q=LaPlaya%20Beach%20%26%20Golf%20Resort%2C%20Naples%2C%20Southwest%20Florida","https://www.google.com/search?q="LaPlaya%20Beach%20%26%20Golf%20Resort" "Southwest%20Florida" FL hours phone","https://www.google.com/search?q="LaPlaya%20Beach%20%26%20Golf%20Resort" "Southwest%20Florida" "permanently closed""
65,"Naples Bay Resort & Marina","Southwest Florida","FL","PENDING","","https://maps.google.com/maps?q=Naples%20Bay%20Resort%20%26%20Marina%2C%20Naples%2C%20Southwest%20Florida","https://www.google.com/search?q="Naples%20Bay%20Resort%20%26%20Marina" "Southwest%20Florida" FL hours phone","https://www.google.com/search?q="Naples%20Bay%20Resort%20%26%20Marina" "Southwest%20Florida" "permanently closed""
66,"Vineyards Country Club","Southwest Florida","FL","PENDING","","https://maps.google.com/maps?q=Vineyards%20Country%20Club%2C%20Naples%2C%20Southwest%20Florida","https://www.google.com/search?q="Vineyards%20Country%20Club" "Southwest%20Florida" FL hours phone","https://www.google.com/search?q="Vineyards%20Country%20Club" "Southwest%20Florida" "permanently closed""
67,"Tiburón Golf Club","Southwest Florida","FL","PENDING","","https://maps.google.com/maps?q=Tibur%C3%B3n%20Golf%20Club%2C%20Naples%2C%20Southwest%20Florida","https://www.google.com/search?q="Tibur%C3%B3n%20Golf%20Club" "Southwest%20Florida" FL hours phone","https://www.google.com/search?q="Tibur%C3%B3n%20Golf%20Club" "Southwest%20Florida" "permanently closed""
68,"JW Marriott Marco Island Beach Resort","Southwest Florida","FL","PENDING","","https://maps.google.com/maps?q=JW%20Marriott%20Marco%20Island%20Beach%20Resort%2C%20Marco%20Island%2C%20Southwest%20Florida","https://www.google.com/search?q="JW%20Marriott%20Marco%20Island%20Beach%20Resort" "Southwest%20Florida" FL hours phone","https://www.google.com/search?q="JW%20Marriott%20Marco%20Island%20Beach%20Resort" "Southwest%20Florida" "permanently closed""
69,"Hyatt Regency Coconut Point Resort & Spa","Southwest Florida","FL","PENDING","","https://maps.google.com/maps?q=Hyatt%20Regency%20Coconut%20Point%20Resort%20%26%20Spa%2C%20Bonita%20Springs%2C%20Southwest%20Florida","https://www.google.com/search?q="Hyatt%20Regency%20Coconut%20Point%20Resort%20%26%20Spa" "Southwest%20Florida" FL hours phone","https://www.google.com/search?q="Hyatt%20Regency%20Coconut%20Point%20Resort%20%26%20Spa" "Southwest%20Florida" "permanently closed""
70,"Sale e Pepe at Marco Beach Ocean Resort","Southwest Florida","FL","PENDING","","https://maps.google.com/maps?q=Sale%20e%20Pepe%20at%20Marco%20Beach%20Ocean%20Resort%2C%20Marco%20Island%2C%20Southwest%20Florida","https://www.google.com/search?q="Sale%20e%20Pepe%20at%20Marco%20Beach%20Ocean%20Resort" "Southwest%20Florida" FL hours phone","https://www.google.com/search?q="Sale%20e%20Pepe%20at%20Marco%20Beach%20Ocean%20Resort" "Southwest%20Florida" "permanently closed""
71,"Pink Shell Beach Resort & Marina","Southwest Florida","FL","PENDING","","https://maps.google.com/maps?q=Pink%20Shell%20Beach%20Resort%20%26%20Marina%2C%20Fort%20Myers%20Beach%2C%20Southwest%20Florida","https://www.google.com/search?q="Pink%20Shell%20Beach%20Resort%20%26%20Marina" "Southwest%20Florida" FL hours phone","https://www.google.com/search?q="Pink%20Shell%20Beach%20Resort%20%26%20Marina" "Southwest%20Florida" "permanently closed""
72,"Sundial Beach Resort & Spa","Southwest Florida","FL","PENDING","","https://maps.google.com/maps?q=Sundial%20Beach%20Resort%20%26%20Spa%2C%20Sanibel%20Island%2C%20Southwest%20Florida","https://www.google.com/search?q="Sundial%20Beach%20Resort%20%26%20Spa" "Southwest%20Florida" FL hours phone","https://www.google.com/search?q="Sundial%20Beach%20Resort%20%26%20Spa" "Southwest%20Florida" "permanently closed""
73,"Sanibel Harbour Marriott Resort & Spa","Southwest Florida","FL","PENDING","","https://maps.google.com/maps?q=Sanibel%20Harbour%20Marriott%20Resort%20%26%20Spa%2C%20Fort%20Myers%2C%20Southwest%20Florida","https://www.google.com/search?q="Sanibel%20Harbour%20Marriott%20Resort%20%26%20Spa" "Southwest%20Florida" FL hours phone","https://www.google.com/search?q="Sanibel%20Harbour%20Marriott%20Resort%20%26%20Spa" "Southwest%20Florida" "permanently closed""
74,"Westin Cape Coral Resort at Marina Village","Southwest Florida","FL","PENDING","","https://maps.google.com/maps?q=Westin%20Cape%20Coral%20Resort%20at%20Marina%20Village%2C%20Cape%20Coral%2C%20Southwest%20Florida","https://www.google.com/search?q="Westin%20Cape%20Coral%20Resort%20at%20Marina%20Village" "Southwest%20Florida" FL hours phone","https://www.google.com/search?q="Westin%20Cape%20Coral%20Resort%20at%20Marina%20Village" "Southwest%20Florida" "permanently closed""
75,"South Seas Island Resort","Southwest Florida","FL","PENDING","","https://maps.google.com/maps?q=South%20Seas%20Island%20Resort%2C%20Captiva%20Island%2C%20Southwest%20Florida","https://www.google.com/search?q="South%20Seas%20Island%20Resort" "Southwest%20Florida" FL hours phone","https://www.google.com/search?q="South%20Seas%20Island%20Resort" "Southwest%20Florida" "permanently closed""
76,"The Club at Grandezza","Southwest Florida","FL","PENDING","","https://maps.google.com/maps?q=The%20Club%20at%20Grandezza%2C%20Estero%2C%20Southwest%20Florida","https://www.google.com/search?q="The%20Club%20at%20Grandezza" "Southwest%20Florida" FL hours phone","https://www.google.com/search?q="The%20Club%20at%20Grandezza" "Southwest%20Florida" "permanently closed""
77,"The Colony Golf & Country Club","Southwest Florida","FL","PENDING","","https://maps.google.com/maps?q=The%20Colony%20Golf%20%26%20Country%20Club%2C%20Bonita%20Springs%2C%20Southwest%20Florida","https://www.google.com/search?q="The%20Colony%20Golf%20%26%20Country%20Club" "Southwest%20Florida" FL hours phone","https://www.google.com/search?q="The%20Colony%20Golf%20%26%20Country%20Club" "Southwest%20Florida" "permanently closed""
78,"Heritage Bay Golf & Country Club","Southwest Florida","FL","PENDING","","https://maps.google.com/maps?q=Heritage%20Bay%20Golf%20%26%20Country%20Club%2C%20Naples%2C%20Southwest%20Florida","https://www.google.com/search?q="Heritage%20Bay%20Golf%20%26%20Country%20Club" "Southwest%20Florida" FL hours phone","https://www.google.com/search?q="Heritage%20Bay%20Golf%20%26%20Country%20Club" "Southwest%20Florida" "permanently closed""
79,"Lover's Key Adventure & Events","Southwest Florida","FL","PENDING","","https://maps.google.com/maps?q=Lover's%20Key%20Adventure%20%26%20Events%2C%20Fort%20Myers%20Beach%2C%20Southwest%20Florida","https://www.google.com/search?q="Lover's%20Key%20Adventure%20%26%20Events" "Southwest%20Florida" FL hours phone","https://www.google.com/search?q="Lover's%20Key%20Adventure%20%26%20Events" "Southwest%20Florida" "permanently closed""
80,"Corkscrew Sanctuary","Southwest Florida","FL","PENDING","","https://maps.google.com/maps?q=Corkscrew%20Sanctuary%2C%20Naples%2C%20Southwest%20Florida","https://www.google.com/search?q="Corkscrew%20Sanctuary" "Southwest%20Florida" FL hours phone","https://www.google.com/search?q="Corkscrew%20Sanctuary" "Southwest%20Florida" "permanently closed""
81,"Margaritaville Beach Resort","Southwest Florida","FL","PENDING","","https://maps.google.com/maps?q=Margaritaville%20Beach%20Resort%2C%20Fort%20Myers%20Beach%2C%20Southwest%20Florida","https://www.google.com/search?q="Margaritaville%20Beach%20Resort" "Southwest%20Florida" FL hours phone","https://www.google.com/search?q="Margaritaville%20Beach%20Resort" "Southwest%20Florida" "permanently closed""
82,"Misty Morning Barn","Southwest Florida","FL","PENDING","","https://maps.google.com/maps?q=Misty%20Morning%20Barn%2C%20Fort%20Myers%2C%20Southwest%20Florida","https://www.google.com/search?q="Misty%20Morning%20Barn" "Southwest%20Florida" FL hours phone","https://www.google.com/search?q="Misty%20Morning%20Barn" "Southwest%20Florida" "permanently closed""
83,"Naples Princess","Southwest Florida","FL","PENDING","","https://maps.google.com/maps?q=Naples%20Princess%2C%20Naples%2C%20Southwest%20Florida","https://www.google.com/search?q="Naples%20Princess" "Southwest%20Florida" FL hours phone","https://www.google.com/search?q="Naples%20Princess" "Southwest%20Florida" "permanently closed""
84,"Baker's Cay Resort Key Largo","Florida Keys","FL","PENDING","","https://maps.google.com/maps?q=Baker's%20Cay%20Resort%20Key%20Largo%2C%20Key%20Largo%2C%20Florida%20Keys","https://www.google.com/search?q="Baker's%20Cay%20Resort%20Key%20Largo" "Florida%20Keys" FL hours phone","https://www.google.com/search?q="Baker's%20Cay%20Resort%20Key%20Largo" "Florida%20Keys" "permanently closed""
85,"Playa Largo Resort & Spa","Florida Keys","FL","PENDING","","https://maps.google.com/maps?q=Playa%20Largo%20Resort%20%26%20Spa%2C%20Key%20Largo%2C%20Florida%20Keys","https://www.google.com/search?q="Playa%20Largo%20Resort%20%26%20Spa" "Florida%20Keys" FL hours phone","https://www.google.com/search?q="Playa%20Largo%20Resort%20%26%20Spa" "Florida%20Keys" "permanently closed""
86,"Largo Resort","Florida Keys","FL","PENDING","","https://maps.google.com/maps?q=Largo%20Resort%2C%20Key%20Largo%2C%20Florida%20Keys","https://www.google.com/search?q="Largo%20Resort" "Florida%20Keys" FL hours phone","https://www.google.com/search?q="Largo%20Resort" "Florida%20Keys" "permanently closed""
87,"Dolphin Point Villas","Florida Keys","FL","PENDING","","https://maps.google.com/maps?q=Dolphin%20Point%20Villas%2C%20Key%20Largo%2C%20Florida%20Keys","https://www.google.com/search?q="Dolphin%20Point%20Villas" "Florida%20Keys" FL hours phone","https://www.google.com/search?q="Dolphin%20Point%20Villas" "Florida%20Keys" "permanently closed""
88,"Islander Resort","Florida Keys","FL","PENDING","","https://maps.google.com/maps?q=Islander%20Resort%2C%20Islamorada%2C%20Florida%20Keys","https://www.google.com/search?q="Islander%20Resort" "Florida%20Keys" FL hours phone","https://www.google.com/search?q="Islander%20Resort" "Florida%20Keys" "permanently closed""
89,"Cheeca Lodge & Spa","Florida Keys","FL","PENDING","","https://maps.google.com/maps?q=Cheeca%20Lodge%20%26%20Spa%2C%20Islamorada%2C%20Florida%20Keys","https://www.google.com/search?q="Cheeca%20Lodge%20%26%20Spa" "Florida%20Keys" FL hours phone","https://www.google.com/search?q="Cheeca%20Lodge%20%26%20Spa" "Florida%20Keys" "permanently closed""
90,"Ocean Oasis","Florida Keys","FL","PENDING","","https://maps.google.com/maps?q=Ocean%20Oasis%2C%20Islamorada%2C%20Florida%20Keys","https://www.google.com/search?q="Ocean%20Oasis" "Florida%20Keys" FL hours phone","https://www.google.com/search?q="Ocean%20Oasis" "Florida%20Keys" "permanently closed""
91,"Three Waters","Florida Keys","FL","PENDING","","https://maps.google.com/maps?q=Three%20Waters%2C%20Islamorada%2C%20Florida%20Keys","https://www.google.com/search?q="Three%20Waters" "Florida%20Keys" FL hours phone","https://www.google.com/search?q="Three%20Waters" "Florida%20Keys" "permanently closed""
92,"La Siesta Resort & Villas","Florida Keys","FL","PENDING","","https://maps.google.com/maps?q=La%20Siesta%20Resort%20%26%20Villas%2C%20Islamorada%2C%20Florida%20Keys","https://www.google.com/search?q="La%20Siesta%20Resort%20%26%20Villas" "Florida%20Keys" FL hours phone","https://www.google.com/search?q="La%20Siesta%20Resort%20%26%20Villas" "Florida%20Keys" "permanently closed""
93,"Bud N' Mary's Marina 'The Barn'","Florida Keys","FL","PENDING","","https://maps.google.com/maps?q=Bud%20N'%20Mary's%20Marina%20'The%20Barn'%2C%20Islamorada%2C%20Florida%20Keys","https://www.google.com/search?q="Bud%20N'%20Mary's%20Marina%20'The%20Barn'" "Florida%20Keys" FL hours phone","https://www.google.com/search?q="Bud%20N'%20Mary's%20Marina%20'The%20Barn'" "Florida%20Keys" "permanently closed""
94,"Faro Blanco Resort & Yacht Club","Florida Keys","FL","PENDING","","https://maps.google.com/maps?q=Faro%20Blanco%20Resort%20%26%20Yacht%20Club%2C%20Marathon%2C%20Florida%20Keys","https://www.google.com/search?q="Faro%20Blanco%20Resort%20%26%20Yacht%20Club" "Florida%20Keys" FL hours phone","https://www.google.com/search?q="Faro%20Blanco%20Resort%20%26%20Yacht%20Club" "Florida%20Keys" "permanently closed""
95,"Isla Bella Beach Resort","Florida Keys","FL","PENDING","","https://maps.google.com/maps?q=Isla%20Bella%20Beach%20Resort%2C%20Marathon%2C%20Florida%20Keys","https://www.google.com/search?q="Isla%20Bella%20Beach%20Resort" "Florida%20Keys" FL hours phone","https://www.google.com/search?q="Isla%20Bella%20Beach%20Resort" "Florida%20Keys" "permanently closed""
96,"East Sister Rock Island","Florida Keys","FL","PENDING","","https://maps.google.com/maps?q=East%20Sister%20Rock%20Island%2C%20Marathon%2C%20Florida%20Keys","https://www.google.com/search?q="East%20Sister%20Rock%20Island" "Florida%20Keys" FL hours phone","https://www.google.com/search?q="East%20Sister%20Rock%20Island" "Florida%20Keys" "permanently closed""
97,"Hawks Cay Resort","Florida Keys","FL","PENDING","","https://maps.google.com/maps?q=Hawks%20Cay%20Resort%2C%20Duck%20Key%2C%20Florida%20Keys","https://www.google.com/search?q="Hawks%20Cay%20Resort" "Florida%20Keys" FL hours phone","https://www.google.com/search?q="Hawks%20Cay%20Resort" "Florida%20Keys" "permanently closed""
98,"Margaritaville Beach House Key West","Florida Keys","FL","PENDING","","https://maps.google.com/maps?q=Margaritaville%20Beach%20House%20Key%20West%2C%20Key%20West%2C%20Florida%20Keys","https://www.google.com/search?q="Margaritaville%20Beach%20House%20Key%20West" "Florida%20Keys" FL hours phone","https://www.google.com/search?q="Margaritaville%20Beach%20House%20Key%20West" "Florida%20Keys" "permanently closed""
99,"Audubon House & Tropical Gardens","Florida Keys","FL","PENDING","","https://maps.google.com/maps?q=Audubon%20House%20%26%20Tropical%20Gardens%2C%20Key%20West%2C%20Florida%20Keys","https://www.google.com/search?q="Audubon%20House%20%26%20Tropical%20Gardens" "Florida%20Keys" FL hours phone","https://www.google.com/search?q="Audubon%20House%20%26%20Tropical%20Gardens" "Florida%20Keys" "permanently closed""
100,"The Reach Key West, Curio Collection by Hilton","Florida Keys","FL","PENDING","","https://maps.google.com/maps?q=The%20Reach%20Key%20West%2C%20Curio%20Collection%20by%20Hilton%2C%20Key%20West%2C%20Florida%20Keys","https://www.google.com/search?q="The%20Reach%20Key%20West%2C%20Curio%20Collection%20by%20Hilton" "Florida%20Keys" FL hours phone","https://www.google.com/search?q="The%20Reach%20Key%20West%2C%20Curio%20Collection%20by%20Hilton" "Florida%20Keys" "permanently closed""
101,"Southernmost Beach Resort","Florida Keys","FL","PENDING","","https://maps.google.com/maps?q=Southernmost%20Beach%20Resort%2C%20Key%20West%2C%20Florida%20Keys","https://www.google.com/search?q="Southernmost%20Beach%20Resort" "Florida%20Keys" FL hours phone","https://www.google.com/search?q="Southernmost%20Beach%20Resort" "Florida%20Keys" "permanently closed""
102,"Havana Cabana at Key West","Florida Keys","FL","PENDING","","https://maps.google.com/maps?q=Havana%20Cabana%20at%20Key%20West%2C%20Key%20West%2C%20Florida%20Keys","https://www.google.com/search?q="Havana%20Cabana%20at%20Key%20West" "Florida%20Keys" FL hours phone","https://www.google.com/search?q="Havana%20Cabana%20at%20Key%20West" "Florida%20Keys" "permanently closed""
103,"Casa Marina Key West, Curio Collection by Hilton","Florida Keys","FL","PENDING","","https://maps.google.com/maps?q=Casa%20Marina%20Key%20West%2C%20Curio%20Collection%20by%20Hilton%2C%20Key%20West%2C%20Florida%20Keys","https://www.google.com/search?q="Casa%20Marina%20Key%20West%2C%20Curio%20Collection%20by%20Hilton" "Florida%20Keys" FL hours phone","https://www.google.com/search?q="Casa%20Marina%20Key%20West%2C%20Curio%20Collection%20by%20Hilton" "Florida%20Keys" "permanently closed""
104,"Hyatt Centric Key West Resort & Spa","Florida Keys","FL","PENDING","","https://maps.google.com/maps?q=Hyatt%20Centric%20Key%20West%20Resort%20%26%20Spa%2C%20Key%20West%2C%20Florida%20Keys","https://www.google.com/search?q="Hyatt%20Centric%20Key%20West%20Resort%20%26%20Spa" "Florida%20Keys" FL hours phone","https://www.google.com/search?q="Hyatt%20Centric%20Key%20West%20Resort%20%26%20Spa" "Florida%20Keys" "permanently closed""
105,"The Perry Hotel & Marina Key West","Key West","Florida","PENDING","","https://maps.google.com/maps?q=The%20Perry%20Hotel%20%26%20Marina%20Key%20West%2C%20Stock%20Island%2C%20Key%20West%2C%20Florida%20Keys","https://www.google.com/search?q="The%20Perry%20Hotel%20%26%20Marina%20Key%20West" "Key%20West" FL hours phone","https://www.google.com/search?q="The%20Perry%20Hotel%20%26%20Marina%20Key%20West" "Key%20West" "permanently closed""
106,"Oceans Edge Resort & Marina","Key West","Florida","PENDING","","https://maps.google.com/maps?q=Oceans%20Edge%20Resort%20%26%20Marina%2C%20Stock%20Island%2C%20Key%20West%2C%20Florida%20Keys","https://www.google.com/search?q="Oceans%20Edge%20Resort%20%26%20Marina" "Key%20West" FL hours phone","https://www.google.com/search?q="Oceans%20Edge%20Resort%20%26%20Marina" "Key%20West" "permanently closed""
107,"The Garden at the Oldest House Museum","Florida Keys","FL","PENDING","","https://maps.google.com/maps?q=The%20Garden%20at%20the%20Oldest%20House%20Museum%2C%20Key%20West%2C%20Florida%20Keys","https://www.google.com/search?q="The%20Garden%20at%20the%20Oldest%20House%20Museum" "Florida%20Keys" FL hours phone","https://www.google.com/search?q="The%20Garden%20at%20the%20Oldest%20House%20Museum" "Florida%20Keys" "permanently closed""
108,"Sunset Watersports","Florida Keys","FL","PENDING","","https://maps.google.com/maps?q=Sunset%20Watersports%2C%20Key%20West%2C%20Florida%20Keys","https://www.google.com/search?q="Sunset%20Watersports" "Florida%20Keys" FL hours phone","https://www.google.com/search?q="Sunset%20Watersports" "Florida%20Keys" "permanently closed""
109,"Key West Lighthouse & Keeper's Quarters","Florida Keys","FL","PENDING","","https://maps.google.com/maps?q=Key%20West%20Lighthouse%20%26%20Keeper's%20Quarters%2C%20Key%20West%2C%20Florida%20Keys","https://www.google.com/search?q="Key%20West%20Lighthouse%20%26%20Keeper's%20Quarters" "Florida%20Keys" FL hours phone","https://www.google.com/search?q="Key%20West%20Lighthouse%20%26%20Keeper's%20Quarters" "Florida%20Keys" "permanently closed""
110,"Fort East Martello","Florida Keys","FL","PENDING","","https://maps.google.com/maps?q=Fort%20East%20Martello%2C%20Key%20West%2C%20Florida%20Keys","https://www.google.com/search?q="Fort%20East%20Martello" "Florida%20Keys" FL hours phone","https://www.google.com/search?q="Fort%20East%20Martello" "Florida%20Keys" "permanently closed""
111,"Ocean Key Resort & Spa","Florida Keys","FL","PENDING","","https://maps.google.com/maps?q=Ocean%20Key%20Resort%20%26%20Spa%2C%20Key%20West%2C%20Florida%20Keys","https://www.google.com/search?q="Ocean%20Key%20Resort%20%26%20Spa" "Florida%20Keys" FL hours phone","https://www.google.com/search?q="Ocean%20Key%20Resort%20%26%20Spa" "Florida%20Keys" "permanently closed""
112,"Old Town Manor","Florida Keys","FL","PENDING","","https://maps.google.com/maps?q=Old%20Town%20Manor%2C%20Key%20West%2C%20Florida%20Keys","https://www.google.com/search?q="Old%20Town%20Manor" "Florida%20Keys" FL hours phone","https://www.google.com/search?q="Old%20Town%20Manor" "Florida%20Keys" "permanently closed""
113,"Hard Rock Café Key West","Florida Keys","FL","PENDING","","https://maps.google.com/maps?q=Hard%20Rock%20Caf%C3%A9%20Key%20West%2C%20Key%20West%2C%20Florida%20Keys","https://www.google.com/search?q="Hard%20Rock%20Caf%C3%A9%20Key%20West" "Florida%20Keys" FL hours phone","https://www.google.com/search?q="Hard%20Rock%20Caf%C3%A9%20Key%20West" "Florida%20Keys" "permanently closed""
114,"Pier House Resort & Spa","Florida Keys","FL","PENDING","","https://maps.google.com/maps?q=Pier%20House%20Resort%20%26%20Spa%2C%20Key%20West%2C%20Florida%20Keys","https://www.google.com/search?q="Pier%20House%20Resort%20%26%20Spa" "Florida%20Keys" FL hours phone","https://www.google.com/search?q="Pier%20House%20Resort%20%26%20Spa" "Florida%20Keys" "permanently closed""
115,"Sunset Key Cottages","Florida Keys","FL","PENDING","","https://maps.google.com/maps?q=Sunset%20Key%20Cottages%2C%20Key%20West%2C%20Florida%20Keys","https://www.google.com/search?q="Sunset%20Key%20Cottages" "Florida%20Keys" FL hours phone","https://www.google.com/search?q="Sunset%20Key%20Cottages" "Florida%20Keys" "permanently closed""
116,"First Flight Island Brewery","Florida Keys","FL","PENDING","","https://maps.google.com/maps?q=First%20Flight%20Island%20Brewery%2C%20Key%20West%2C%20Florida%20Keys","https://www.google.com/search?q="First%20Flight%20Island%20Brewery" "Florida%20Keys" FL hours phone","https://www.google.com/search?q="First%20Flight%20Island%20Brewery" "Florida%20Keys" "permanently closed""
117,"Ernest Hemingway Home & Museum","Florida Keys","FL","PENDING","","https://maps.google.com/maps?q=Ernest%20Hemingway%20Home%20%26%20Museum%2C%20Key%20West%2C%20Florida%20Keys","https://www.google.com/search?q="Ernest%20Hemingway%20Home%20%26%20Museum" "Florida%20Keys" FL hours phone","https://www.google.com/search?q="Ernest%20Hemingway%20Home%20%26%20Museum" "Florida%20Keys" "permanently closed""
118,"Fort Zachary Taylor State Park","Florida Keys","FL","PENDING","","https://maps.google.com/maps?q=Fort%20Zachary%20Taylor%20State%20Park%2C%20Key%20West%2C%20Florida%20Keys","https://www.google.com/search?q="Fort%20Zachary%20Taylor%20State%20Park" "Florida%20Keys" FL hours phone","https://www.google.com/search?q="Fort%20Zachary%20Taylor%20State%20Park" "Florida%20Keys" "permanently closed""
119,"Bagatelle Restaurant","Florida Keys","FL","PENDING","","https://maps.google.com/maps?q=Bagatelle%20Restaurant%2C%20Key%20West%2C%20Florida%20Keys","https://www.google.com/search?q="Bagatelle%20Restaurant" "Florida%20Keys" FL hours phone","https://www.google.com/search?q="Bagatelle%20Restaurant" "Florida%20Keys" "permanently closed""
120,"Key West Historic Inns","Florida Keys","FL","PENDING","","https://maps.google.com/maps?q=Key%20West%20Historic%20Inns%2C%20Key%20West%2C%20Florida%20Keys","https://www.google.com/search?q="Key%20West%20Historic%20Inns" "Florida%20Keys" FL hours phone","https://www.google.com/search?q="Key%20West%20Historic%20Inns" "Florida%20Keys" "permanently closed""
121,"The Blue Room","Florida Keys","FL","PENDING","","https://maps.google.com/maps?q=The%20Blue%20Room%2C%20Key%20West%2C%20Florida%20Keys","https://www.google.com/search?q="The%20Blue%20Room" "Florida%20Keys" FL hours phone","https://www.google.com/search?q="The%20Blue%20Room" "Florida%20Keys" "permanently closed""
122,"Schooner Appledore","Florida Keys","FL","PENDING","","https://maps.google.com/maps?q=Schooner%20Appledore%2C%20Key%20West%2C%20Florida%20Keys","https://www.google.com/search?q="Schooner%20Appledore" "Florida%20Keys" FL hours phone","https://www.google.com/search?q="Schooner%20Appledore" "Florida%20Keys" "permanently closed""
123,"Suite Dreams Inn","Florida Keys","FL","PENDING","","https://maps.google.com/maps?q=Suite%20Dreams%20Inn%2C%20Key%20West%2C%20Florida%20Keys","https://www.google.com/search?q="Suite%20Dreams%20Inn" "Florida%20Keys" FL hours phone","https://www.google.com/search?q="Suite%20Dreams%20Inn" "Florida%20Keys" "permanently closed""
124,"Patch of Heaven Sanctuary","Miami-Dade","FL","PENDING","","https://maps.google.com/maps?q=Patch%20of%20Heaven%20Sanctuary%2C%20Homestead%2C%20Miami-Dade","https://www.google.com/search?q="Patch%20of%20Heaven%20Sanctuary" "Miami-Dade" FL hours phone","https://www.google.com/search?q="Patch%20of%20Heaven%20Sanctuary" "Miami-Dade" "permanently closed""
125,"Redland Koi Gardens","Miami-Dade","FL","PENDING","","https://maps.google.com/maps?q=Redland%20Koi%20Gardens%2C%20Redland%2C%20Miami-Dade","https://www.google.com/search?q="Redland%20Koi%20Gardens" "Miami-Dade" FL hours phone","https://www.google.com/search?q="Redland%20Koi%20Gardens" "Miami-Dade" "permanently closed""
126,"Schnebly Redland Winery","Miami-Dade","FL","PENDING","","https://maps.google.com/maps?q=Schnebly%20Redland%20Winery%2C%20Homestead%2C%20Miami-Dade","https://www.google.com/search?q="Schnebly%20Redland%20Winery" "Miami-Dade" FL hours phone","https://www.google.com/search?q="Schnebly%20Redland%20Winery" "Miami-Dade" "permanently closed""
127,"Ever After Farms Tropical Grove Barn","Miami-Dade","FL","PENDING","","https://maps.google.com/maps?q=Ever%20After%20Farms%20Tropical%20Grove%20Barn%2C%20Homestead%2C%20Miami-Dade","https://www.google.com/search?q="Ever%20After%20Farms%20Tropical%20Grove%20Barn" "Miami-Dade" FL hours phone","https://www.google.com/search?q="Ever%20After%20Farms%20Tropical%20Grove%20Barn" "Miami-Dade" "permanently closed""
128,"Villa Toscana Miami","Miami-Dade","FL","PENDING","","https://maps.google.com/maps?q=Villa%20Toscana%20Miami%2C%20Miami%2C%20Miami-Dade","https://www.google.com/search?q="Villa%20Toscana%20Miami" "Miami-Dade" FL hours phone","https://www.google.com/search?q="Villa%20Toscana%20Miami" "Miami-Dade" "permanently closed""
129,"East Sister Rock Island","Florida Keys","FL","PENDING","","https://maps.google.com/maps?q=East%20Sister%20Rock%20Island%2C%20Marathon%2C%20Florida%20Keys","https://www.google.com/search?q="East%20Sister%20Rock%20Island" "Florida%20Keys" FL hours phone","https://www.google.com/search?q="East%20Sister%20Rock%20Island" "Florida%20Keys" "permanently closed""
130,"Jungle Island","Miami-Dade","FL","PENDING","","https://maps.google.com/maps?q=Jungle%20Island%2C%20Miami%2C%20Miami-Dade","https://www.google.com/search?q="Jungle%20Island" "Miami-Dade" FL hours phone","https://www.google.com/search?q="Jungle%20Island" "Miami-Dade" "permanently closed""